rmse,mae,nse,kge,n,pss,model,horizon,gauge_id,water_body
0.024550130416858384,0.01553858784893293,0.9811353885346793,0.9905625079324271,1827,0.0,persistence,1,2004,Murtensee
0.11123264117484269,0.07130202932679085,0.6127381134462984,0.7419438937056151,1827,-3.5308370785052974,climatology,1,2004,Murtensee
0.07327602420471949,0.03103301391444093,0.9801473085310467,0.9900722839532289,1827,0.0,persistence,1,2007,Lac_de_Joux
0.5604412905239877,0.43131036530497036,-0.1613305406990868,0.15624832287507817,1827,-6.648358335575354,climatology,1,2007,Lac_de_Joux
0.014006920894837,0.008553688967481975,0.9930910607450931,0.9964816154469867,1827,0.0,persistence,1,2017,Zugersee
0.17357659822255048,0.13535526112858334,-0.060982859727539473,0.045807045814718284,1827,-11.392202363799413,climatology,1,2017,Zugersee
0.024119629729973658,0.01460986905814539,0.9824062592715812,0.9911928501619319,1827,0.0,persistence,1,2031,Ägerisee
0.21414063366412395,0.1741572857540914,-0.3868039871436635,-0.1531596535881934,1827,-7.878272015843164,climatology,1,2031,Ägerisee
0.028479430179681364,0.01671363219898047,0.8358245163325261,0.9178854586919283,1827,0.0,persistence,1,2066,St._Moritzersee
0.07584176775923825,0.062049430757651694,-0.16429386105368837,0.48409225575337056,1827,-1.6630366998475807,climatology,1,2066,St._Moritzersee
0.023738638501805735,0.012433223139905279,0.9795074040259093,0.9897463542507702,1740,0.0,persistence,1,2072,Silsersee
0.10395876978600438,0.07711713320301122,0.6069863567350515,0.7808184488805979,1740,-3.379306327028676,climatology,1,2072,Silsersee
0.02275738964959195,0.01328043613294703,0.9832392202132114,0.9916195978585014,1827,0.0,persistence,1,2073,Silvaplanersee
0.1607679655440174,0.12895152549562586,0.16353386864874175,0.7370664751002867,1827,-6.064429093997608,climatology,1,2073,Silvaplanersee
0.02548771299026637,0.015808803618241645,0.9848074389571342,0.9923300652695644,1827,0.0,persistence,1,2081,Pfäffikersee
0.19583713325276908,0.16159361671263064,0.10306836862723112,0.2858375210480196,1827,-6.6835898665195375,climatology,1,2081,Pfäffikersee
0.02940612606375663,0.016543823055619803,0.9794450935557482,0.9897219881364709,1827,0.0,persistence,1,2082,Greifensee
0.20678264465577306,0.1611034078225423,-0.016407932697842575,-0.10790379466855127,1827,-6.031958041920895,climatology,1,2082,Greifensee
0.009384222703127186,0.005895448908152946,0.9960584337370277,0.9978333845576788,1827,0.0,persistence,1,2097,Hallwilersee
0.122792334145788,0.07384081313086192,0.32513837969589177,0.3815512319301333,1827,-12.08497656442753,climatology,1,2097,Hallwilersee
0.029549309322410018,0.015001216323055502,0.970731662076709,0.9853621451955243,1827,0.0,persistence,1,2101,Lago_di_Lugano
0.16993681540726133,0.13482298892046374,0.03199334546931276,-0.06187147683419947,1827,-4.7509572746048,climatology,1,2101,Lago_di_Lugano
0.021042261771734926,0.01200628745456377,0.9914884347436705,0.9957270494642917,1827,0.0,persistence,1,2137,Baldeggersee
0.2061094574204669,0.16638727025590272,0.18337920464435864,0.14449244401339223,1827,-8.795023921683361,climatology,1,2137,Baldeggersee
0.010964466679987643,0.0066325938630836115,0.9943745978165024,0.9971663132079656,1827,0.0,persistence,1,2168,Sempachersee
0.1371148460664201,0.1097748998441693,0.12027382483362936,0.07691867091272664,1827,-11.505382164796238,climatology,1,2168,Sempachersee
0.06972861290726694,0.038505827925038844,0.9233975742875258,0.9617080870157834,1827,0.0,persistence,1,2484,Lauerzersee
0.2669057501912541,0.2135281088539169,-0.12237072641202684,-0.13865633405861222,1827,-2.827779430321034,climatology,1,2484,Lauerzersee
0.01752818397938456,0.012457369376524823,0.9903835649244288,0.9796089677959788,1827,0.28602481201696217,ridge,1,2004,Murtensee
0.0915759393300817,0.04659798288164343,0.9689930990054001,0.9795349212778839,1827,-0.24973946558884896,ridge,1,2007,Lac_de_Joux
0.007055545122887682,0.0049365894537714726,0.9982469787938318,0.9851357186040703,1827,0.496281504274906,ridge,1,2017,Zugersee
0.013159381861543312,0.007954454635960452,0.994762935849102,0.9818703278656336,1827,0.4544119454209514,ridge,1,2031,Ägerisee
0.02620833252699819,0.01646506383373228,0.8609648870921479,0.9304566507302882,1827,0.07974519287620752,ridge,1,2066,St._Moritzersee
0.023686928596462837,0.013737292052708695,0.9795965848824714,0.989732678582245,1740,0.002178301225614354,ridge,1,2072,Silsersee
0.021477445018224097,0.01325377570005748,0.9850715553956974,0.9925073892905099,1827,0.05624303362889438,ridge,1,2073,Silvaplanersee
0.015940728627972044,0.010580419822004946,0.9940572755852973,0.9854798151695836,1827,0.3745720287238119,ridge,1,2081,Pfäffikersee
0.01753717779452778,0.00953556850920047,0.9926892945761016,0.978413559802239,1827,0.40362162100153187,ridge,1,2082,Greifensee
0.007774307463729994,0.005632639656076167,0.9972948232551109,0.9819313584183172,1827,0.1715555235982098,ridge,1,2097,Hallwilersee
0.0168726466561338,0.009132956195978148,0.9904573319780503,0.9748804820788711,1827,0.4290003034575942,ridge,1,2101,Lago_di_Lugano
0.012560770628903793,0.007428560434365692,0.9969671064661169,0.9821624484760668,1827,0.40306936748709776,ridge,1,2137,Baldeggersee
0.00720798750738003,0.004512152966770741,0.9975688788378966,0.9790103680987333,1827,0.3426048235856235,ridge,1,2168,Sempachersee
0.04494495993550239,0.020462324057801306,0.9681739701613792,0.9839904645061218,1827,0.35543017333106386,ridge,1,2484,Lauerzersee
0.016094833169775502,0.010547762431129875,0.9918920097722059,0.9811910949821406,1827,0.34440946355530133,lightgbm,1,2004,Murtensee
0.07055504292987032,0.027520637346102304,0.9815943262665153,0.9839289831509594,1827,0.037133309351599864,lightgbm,1,2007,Lac_de_Joux
0.00758164497002682,0.004580451097163408,0.9979758023812965,0.9987079322167004,1827,0.4587215115335276,lightgbm,1,2017,Zugersee
0.0149729407117336,0.007838639074523234,0.9932199776653817,0.9846503846773316,1827,0.3792217841086256,lightgbm,1,2031,Ägerisee
0.02521277320089178,0.01709610140996267,0.8713271419486213,0.922896469761131,1827,0.11470232930152435,lightgbm,1,2066,St._Moritzersee
0.020919405742243696,0.010728694232855183,0.9840858278917474,0.9873212523632247,1740,0.11876135016536804,lightgbm,1,2072,Silsersee
0.017945907519218436,0.010802095004042079,0.9895773013850041,0.9873950401198,1827,0.21142504498356585,lightgbm,1,2073,Silvaplanersee
0.021137373861903397,0.012073260044590224,0.9895510822198017,0.9748978732284749,1827,0.17068377731749984,lightgbm,1,2081,Pfäffikersee
0.017493385464353868,0.008963135282249486,0.9927257603176753,0.9837190791338076,1827,0.4051108457324253,lightgbm,1,2082,Greifensee
0.039968582702522314,0.013221425437471682,0.9284993949042097,0.8336013731894776,1827,-3.259125552210439,lightgbm,1,2097,Hallwilersee
0.020638717912211172,0.010416851865090953,0.9857219524974681,0.9546096596949702,1827,0.3015499047025477,lightgbm,1,2101,Lago_di_Lugano
0.011014310315990223,0.005924132586439889,0.9976679427315363,0.9946970586988869,1827,0.47656243252399677,lightgbm,1,2137,Baldeggersee
0.006774448487958825,0.0038026150013441974,0.9978525332767864,0.9919759737756405,1827,0.38214518902925243,lightgbm,1,2168,Sempachersee
0.03874558929189067,0.01652194236174099,0.9763481556923704,0.9881735317021373,1827,0.4443373003358181,lightgbm,1,2484,Lauerzersee
0.016139345066605082,0.010605164476215994,0.9918471008158575,0.9915169738609907,1827,0.3425963612998847,lstm,1,2004,Murtensee
0.07478173524155018,0.03207499803539832,0.9793230405970116,0.9780239461171271,1827,-0.02054848162373024,lstm,1,2007,Lac_de_Joux
0.006979811184887106,0.004949033858525027,0.9982844105328731,0.9869092174594242,1827,0.5016883983788407,lstm,1,2017,Zugersee
0.013707803960248708,0.008188201918384782,0.994317326760461,0.9966233071707374,1827,0.4316743617662625,lstm,1,2031,Ägerisee
0.025917037295356136,0.017152989179657085,0.864038351852099,0.9076311274816922,1827,0.08997346042946341,lstm,1,2066,St._Moritzersee
0.022859301787380003,0.014045413923549702,0.9809974761521311,0.9877628456059496,1740,0.03704242407831615,lstm,1,2072,Silsersee
0.019525689594143445,0.01314897631364712,0.9876615077995156,0.9745365381753226,1827,0.14200662313247558,lstm,1,2073,Silvaplanersee
0.016162686462862452,0.010320583797268208,0.9938906310917075,0.9866645363593571,1827,0.3658636038064733,lstm,1,2081,Pfäffikersee
0.013286220146026897,0.008676664953165537,0.9958039296250454,0.9860099558682077,1827,0.5481818952547337,lstm,1,2082,Greifensee
0.012415814174535831,0.007229902385090368,0.9931004204163034,0.9551181790176602,1827,-0.32305195297617995,lstm,1,2097,Hallwilersee
0.015493661538125588,0.009442004285400964,0.9919534165231871,0.9704198929312753,1827,0.47566755726587195,lstm,1,2101,Lago_di_Lugano
0.011045628626943377,0.006505427898801338,0.9976546618399063,0.9966498243480043,1827,0.4750740796419305,lstm,1,2137,Baldeggersee
0.007266317634431676,0.004858997898820007,0.9975293722793435,0.9925275473823261,1827,0.3372848998032739,lstm,1,2168,Sempachersee
0.037600258612407,0.017717736840905406,0.9777257990014484,0.9812462035863062,1827,0.4607628483530555,lstm,1,2484,Lauerzersee
0.058302653855316564,0.03916985951468666,0.8936060567846714,0.946855936461171,1827,0.0,persistence,3,2004,Murtensee
0.11123264117484269,0.07130202932679085,0.6127381134462984,0.7419438937056151,1827,-0.907848679596589,climatology,3,2004,Murtensee
0.15366102272419047,0.08612102133245549,0.9126982323547397,0.9563369953242543,1827,0.0,persistence,3,2007,Lac_de_Joux
0.5604412905239877,0.43131036530497036,-0.1613305406990868,0.15624832287507817,1827,-2.6472573238688906,climatology,3,2007,Lac_de_Joux
0.033213621636235986,0.02253277756726029,0.961152910131183,0.9805163539410148,1827,0.0,persistence,3,2017,Zugersee
0.17357659822255048,0.13535526112858334,-0.060982859727539473,0.045807045814718284,1827,-4.226066585679979,climatology,3,2017,Zugersee
0.0564754842003724,0.038968618865172,0.9035423136022739,0.9518228863889957,1827,0.0,persistence,3,2031,Ägerisee
0.21414063366412395,0.1741572857540914,-0.3868039871436635,-0.1531596535881934,1827,-2.791744979190668,climatology,3,2031,Ägerisee
0.04961974872108634,0.030230003849146196,0.5016266229179923,0.7506723656461302,1827,0.0,persistence,3,2066,St._Moritzersee
0.07584176775923825,0.062049430757651694,-0.16429386105368837,0.48409225575337056,1827,-0.5284593274654901,climatology,3,2066,St._Moritzersee
0.04818762445632626,0.03127227027761667,0.9154803952428401,0.9577814649047569,1738,0.0,persistence,3,2072,Silsersee
0.10375543798050763,0.07695511580001105,0.6081605489356201,0.7820315264466731,1738,-1.1531552789979087,climatology,3,2072,Silsersee
0.051208466358571424,0.03318917849289564,0.9151341690772119,0.9575665917312197,1827,0.0,persistence,3,2073,Silvaplanersee
0.1607679655440174,0.12895152549562586,0.16353386864874175,0.7370664751002867,1827,-2.139480187090344,climatology,3,2073,Silvaplanersee
0.05966536254441922,0.03902797767951987,0.9167443297036024,0.9583919041136368,1827,0.0,persistence,3,2081,Pfäffikersee
0.19583713325276908,0.16159361671263064,0.10306836862723112,0.2858375210480196,1827,-2.282258330484018,climatology,3,2081,Pfäffikersee
0.07143838530830218,0.044278302933475865,0.8786881754529257,0.9393277642672323,1827,0.0,persistence,3,2082,Greifensee
0.20678264465577306,0.1611034078225423,-0.016407932697842575,-0.10790379466855127,1827,-1.8945593291810012,climatology,3,2082,Greifensee
0.022867049728096334,0.015056405381269702,0.9765958704760159,0.9880259996296415,1827,0.0,persistence,3,2097,Hallwilersee
0.122792334145788,0.07384081313086192,0.32513837969589177,0.3815512319301333,1827,-4.369837193947904,climatology,3,2097,Hallwilersee
0.06971923390442179,0.03973246974396442,0.8370671685597947,0.918669948293251,1827,0.0,persistence,3,2101,Lago_di_Lugano
0.16993681540726133,0.13482298892046374,0.03199334546931276,-0.06187147683419947,1827,-1.437445248469425,climatology,3,2101,Lago_di_Lugano
0.05216683339182091,0.03308795419140351,0.9476865279215881,0.9738534348414506,1827,0.0,persistence,3,2137,Baldeggersee
0.2061094574204669,0.16638727025590272,0.18337920464435864,0.14449244401339223,1827,-2.950967387121148,climatology,3,2137,Baldeggersee
0.025632143998549493,0.017387001249070166,0.9692568459230255,0.9845982200653394,1827,0.0,persistence,3,2168,Sempachersee
0.1371148460664201,0.1097748998441693,0.12027382483362936,0.07691867091272664,1827,-4.349331919880731,climatology,3,2168,Sempachersee
0.15565564591992123,0.09964634364601414,0.6182753317727973,0.8092390112586657,1827,0.0,persistence,3,2484,Lauerzersee
0.2669057501912541,0.2135281088539169,-0.12237072641202684,-0.13865633405861222,1827,-0.7147193641056022,climatology,3,2484,Lauerzersee
0.05118736131261988,0.036715406061849754,0.9179902019082158,0.9214195859380708,1827,0.12204062889407985,ridge,3,2004,Murtensee
0.15914605889193914,0.09341188604427456,0.9063544003962628,0.9512767065534552,1827,-0.03569568958026448,ridge,3,2007,Lac_de_Joux
0.028103974954630576,0.020173380521862024,0.9721861235038307,0.9428217279161513,1827,0.15384190069868187,ridge,3,2017,Zugersee
0.04554624762121015,0.032408865139636006,0.9372632350175465,0.9265249296170681,1827,0.19352178620347593,ridge,3,2031,Ägerisee
0.04634687096844036,0.030935650353243443,0.5652029881172747,0.7732505182250248,1827,0.06595917627561754,ridge,3,2066,St._Moritzersee
0.04983425777777622,0.03384449535064096,0.9096054156743849,0.9501535164299661,1738,-0.034171290658711495,ridge,3,2072,Silsersee
0.050724083544006766,0.034784079037370255,0.9167320740339108,0.9573505242620465,1827,0.009459037714055207,ridge,3,2073,Silvaplanersee
0.04938795132782387,0.035132427766775616,0.942955828499233,0.9384477732382229,1827,0.1722508802145315,ridge,3,2081,Pfäffikersee
0.05815705715277469,0.03658362137575786,0.9196020972926934,0.9090889697059134,1827,0.1859130507808946,ridge,3,2082,Greifensee
0.024911444113721953,0.018536683810767864,0.9722239791782604,0.9376960722117061,1827,-0.08940350460311941,ridge,3,2097,Hallwilersee
0.05615556422751578,0.033524095000413076,0.8942965937406534,0.8885974463350992,1827,0.19454702694381965,ridge,3,2101,Lago_di_Lugano
0.0424286967523393,0.028584509960448617,0.9653945915790556,0.9340395390980673,1827,0.18667294919626898,ridge,3,2137,Baldeggersee
0.02337935236438857,0.016756469413588576,0.9744233590834489,0.9274063281595859,1827,0.08788931719049353,ridge,3,2168,Sempachersee
0.12952281430905277,0.07862894496684511,0.7356903527964735,0.8546636622507338,1827,0.1678887486311469,ridge,3,2484,Lauerzersee
0.047696608601679104,0.032408170499534365,0.928794218328788,0.9388703745808495,1827,0.1819135931609107,lightgbm,3,2004,Murtensee
0.13629307854011577,0.07276469768579355,0.9313179576405872,0.9448927800833145,1827,0.11302764927738895,lightgbm,3,2007,Lac_de_Joux
0.02733547600801019,0.01875878581553201,0.9736864584310081,0.9709429585295882,1827,0.1769799660092699,lightgbm,3,2017,Zugersee
0.046225869607923804,0.03278008234502684,0.9353770031133347,0.9404819055944504,1827,0.18148785685632085,lightgbm,3,2031,Ägerisee
0.045346133946811036,0.03281971973774962,0.583776836030091,0.7539930634863782,1827,0.08612729577284606,lightgbm,3,2066,St._Moritzersee
0.04169813488665309,0.027277429584378232,0.9367122460453521,0.9509086645264423,1738,0.1346712904587104,lightgbm,3,2072,Silsersee
0.04445159168934912,0.02986575680884785,0.9360524423651724,0.9555827520874043,1827,0.13194838958678012,lightgbm,3,2073,Silvaplanersee
0.05158416399072555,0.03557210245069433,0.9377696781882279,0.940386573904228,1827,0.13544204223476286,lightgbm,3,2081,Pfäffikersee
0.053528984754068816,0.03291017414194176,0.931888900975246,0.9290361131443863,1827,0.2506971633939217,lightgbm,3,2082,Greifensee
0.0480017461034663,0.023102671530619286,0.8968696975304755,0.8094825195679888,1827,-1.099166559492256,lightgbm,3,2097,Hallwilersee
0.05631262526919542,0.033895221005194494,0.8937044848671519,0.8636051359355345,1827,0.19229426206268296,lightgbm,3,2101,Lago_di_Lugano
0.03919708741370962,0.023241293745482457,0.9704653254278364,0.9651600952182713,1827,0.24862053406034001,lightgbm,3,2137,Baldeggersee
0.020942106894087306,0.013858093258560506,0.9794780182422034,0.9620715947617214,1827,0.18297482663672582,lightgbm,3,2168,Sempachersee
0.12185424526810873,0.07436585958090408,0.7660614473697961,0.8485768690350167,1827,0.2171549926894525,lightgbm,3,2484,Lauerzersee
0.04707981797046932,0.031603541014555966,0.9306239118753237,0.965305981729623,1827,0.19249271075546148,lstm,3,2004,Murtensee
0.14348633396134425,0.08096699128410996,0.9238768629015718,0.9612066720262855,1827,0.06621515711963588,lstm,3,2007,Lac_de_Joux
0.027036023424512133,0.01717158933494464,0.9742598157973745,0.9827995540515612,1827,0.1859959229795075,lstm,3,2017,Zugersee
0.04371904211591931,0.029107198476726354,0.9421959602963508,0.9689319109214605,1827,0.22587574529142285,lstm,3,2031,Ägerisee
0.04572328406283508,0.033397013549927766,0.5768244717436003,0.7788831663011251,1827,0.07852648912338056,lstm,3,2066,St._Moritzersee
0.04332192175075262,0.0311197990705396,0.931687237124812,0.9573637870185645,1738,0.10097411442192084,lstm,3,2072,Silsersee
0.04785509209304412,0.03428271042472108,0.9258850804177503,0.9401926520017772,1827,0.0654847626571422,lstm,3,2073,Silvaplanersee
0.048140023792013854,0.03242518297724704,0.9458021754006172,0.9729554927513195,1827,0.19316632399283695,lstm,3,2081,Pfäffikersee
0.0518048297553045,0.03350197925411036,0.9362059202968223,0.9538908176361159,1827,0.2748320173848606,lstm,3,2082,Greifensee
0.025785695777127166,0.017424690746660164,0.9702402053933943,0.9306839460853646,1827,-0.1276354441755878,lstm,3,2097,Hallwilersee
0.053386294651016915,0.03193504861609966,0.9044649026879317,0.8867587889868507,1827,0.23426733684130452,lstm,3,2101,Lago_di_Lugano
0.03823522693168094,0.02350351393618583,0.9718970481487578,0.9838712810618813,1827,0.2670586952345908,lstm,3,2137,Baldeggersee
0.020031591280038563,0.012371775057517536,0.9812237242835679,0.9886160361978465,1827,0.21849723998226056,lstm,3,2168,Sempachersee
0.11992414197337843,0.07406662089716634,0.7734136674517471,0.8697296377556156,1827,0.22955482106267622,lstm,3,2484,Lauerzersee
0.10013232001651179,0.06769731800766234,0.6861740767518072,0.8434856442208305,1827,0.0,persistence,7,2004,Murtensee
0.11123264117484269,0.07130202932679085,0.6127381134462984,0.7419438937056151,1827,-0.11085652620952424,climatology,7,2004,Murtensee
0.2659142555593399,0.17386418706321924,0.738555903949644,0.8692234123352438,1827,0.0,persistence,7,2007,Lac_de_Joux
0.5604412905239877,0.43131036530497036,-0.1613305406990868,0.15624832287507817,1827,-1.1076015249544335,climatology,7,2007,Lac_de_Joux
0.05720871996107585,0.04258971552075055,0.8847474657965408,0.942482505722323,1827,0.0,persistence,7,2017,Zugersee
0.17357659822255048,0.13535526112858334,-0.060982859727539473,0.045807045814718284,1827,-2.034093374937422,climatology,7,2017,Zugersee
0.09400010185719489,0.07194850818988933,0.7327771675191663,0.866781419886469,1827,0.0,persistence,7,2031,Ägerisee
0.21414063366412395,0.1741572857540914,-0.3868039871436635,-0.1531596535881934,1827,-1.278089378982235,climatology,7,2031,Ägerisee
0.059488877342030004,0.036807517126254505,0.2836632051716219,0.641463315441891,1827,0.0,persistence,7,2066,St._Moritzersee
0.07584176775923825,0.062049430757651694,-0.16429386105368837,0.48409225575337056,1827,-0.27488988106444934,climatology,7,2066,St._Moritzersee
0.0744606524725772,0.05292460417143618,0.7978793146130536,0.8992511725896722,1734,0.0,persistence,7,2072,Silsersee
0.10328618949629986,0.07660294653453745,0.611096726991142,0.784770417480185,1734,-0.3871244216445551,climatology,7,2072,Silsersee
0.08345606626710382,0.05839281718100461,0.7745941674761687,0.887290145418801,1827,0.0,persistence,7,2073,Silvaplanersee
0.1607679655440174,0.12895152549562586,0.16353386864874175,0.7370664751002867,1827,-0.9263784256194674,climatology,7,2073,Silvaplanersee
0.0964567614679961,0.06742473650731418,0.7824121671028574,0.8917920034764053,1827,0.0,persistence,7,2081,Pfäffikersee
0.19583713325276908,0.16159361671263064,0.10306836862723112,0.2858375210480196,1827,-1.030310060925557,climatology,7,2081,Pfäffikersee
0.12016487710910664,0.08315750765024774,0.6567623117450282,0.8281979646338175,1827,0.0,persistence,7,2082,Greifensee
0.20678264465577306,0.1611034078225423,-0.016407932697842575,-0.10790379466855127,1827,-0.7208243342854643,climatology,7,2082,Greifensee
0.0425631832717663,0.029055288530787506,0.9189150183612294,0.9592680232209401,1827,0.0,persistence,7,2097,Hallwilersee
0.122792334145788,0.07384081313086192,0.32513837969589177,0.3815512319301333,1827,-1.8849424480720312,climatology,7,2097,Hallwilersee
0.11750553572460253,0.07518509396095611,0.5371715514009694,0.7695140471234844,1827,0.0,persistence,7,2101,Lago_di_Lugano
0.16993681540726133,0.13482298892046374,0.03199334546931276,-0.06187147683419947,1827,-0.4462026351298196,climatology,7,2101,Lago_di_Lugano
0.09332014681234813,0.06602970512044999,0.832592303061422,0.9165148508187156,1827,0.0,persistence,7,2137,Baldeggersee
0.2061094574204669,0.16638727025590272,0.18337920464435864,0.14449244401339223,1827,-1.208627659308338,climatology,7,2137,Baldeggersee
0.045265575392868025,0.033810104763825524,0.9041229542407344,0.9521298495243522,1827,0.0,persistence,7,2168,Sempachersee
0.1371148460664201,0.1097748998441693,0.12027382483362936,0.07691867091272664,1827,-2.0291196980569857,climatology,7,2168,Sempachersee
0.2337386229307767,0.17009824762599798,0.1392412771514947,0.5700648732938709,1827,0.0,persistence,7,2484,Lauerzersee
0.2669057501912541,0.2135281088539169,-0.12237072641202684,-0.13865633405861222,1827,-0.1418983599911945,climatology,7,2484,Lauerzersee
0.0902338917191454,0.06573011089089,0.7451529358051194,0.8016069903736651,1827,0.09885348003256222,ridge,7,2004,Murtensee
0.2444621513296806,0.16447327346203103,0.779037356451082,0.8716246152958543,1827,0.08067301312799369,ridge,7,2007,Lac_de_Joux
0.05569413201154987,0.043292905317227195,0.8907692533826211,0.8582935963355622,1827,0.026474774309868887,ridge,7,2017,Zugersee
0.08637320068049155,0.06925536456545713,0.7743813785802329,0.8045585124321327,1827,0.08113715864148896,ridge,7,2031,Ägerisee
0.055866194219412114,0.039345706335232086,0.36825198373025403,0.6566590041530074,1827,0.06089681440430206,ridge,7,2066,St._Moritzersee
0.0725256694263121,0.052768377606523746,0.8082477010200598,0.8783858974453349,1734,0.025986651768566404,ridge,7,2072,Silsersee
0.07827869295839161,0.05735314507524603,0.801693723500245,0.8855100478931781,1827,0.06203711174382287,ridge,7,2073,Silvaplanersee
0.08861688198435579,0.0682385470239263,0.8163452419782354,0.8384411622113388,1827,0.08127869279792843,ridge,7,2081,Pfäffikersee
0.10700080336871913,0.07695651794599269,0.7278464825005109,0.7647218962456181,1827,0.10955009531141846,ridge,7,2082,Greifensee
0.04745175277760839,0.035847853922273396,0.8992194466315893,0.8603632449424571,1827,-0.11485441477975278,ridge,7,2097,Hallwilersee
0.10372452744295971,0.0696937243610027,0.639366288125488,0.7024022150701754,1827,0.11727965152162134,ridge,7,2101,Lago_di_Lugano
0.08746261539854197,0.06655987305360501,0.8529484810329141,0.8340754031318919,1827,0.06276813329049635,ridge,7,2137,Baldeggersee
0.04593440118495524,0.03524652989474677,0.9012687418147092,0.8398129940197467,1827,-0.014775594616490695,ridge,7,2168,Sempachersee
0.20557177792025427,0.14986242084694532,0.3341943836581517,0.581404093607664,1827,0.12050573695244304,ridge,7,2484,Lauerzersee
0.08613495715582639,0.059499036661472916,0.767780256042665,0.8142785686848204,1827,0.13978866022855796,lightgbm,7,2004,Murtensee
0.23285965629181662,0.14928517909236472,0.7995139762403525,0.8749260905238386,1827,0.12430548034363276,lightgbm,7,2007,Lac_de_Joux
0.05802741216143913,0.044145445466910294,0.8814251925561283,0.8857912816924991,1827,-0.014310619096534749,lightgbm,7,2017,Zugersee
0.09134229039076408,0.07291704082841759,0.7476747517520594,0.820022117046207,1827,0.028274559430462753,lightgbm,7,2031,Ägerisee
0.05339873144439533,0.03883359502126591,0.4228248918320615,0.644643853699623,1827,0.10237453066427038,lightgbm,7,2066,St._Moritzersee
0.06175267592847473,0.04466929443617377,0.8609827636403602,0.8905714934786029,1734,0.17066700494979736,lightgbm,7,2072,Silsersee
0.07076405880610005,0.05188565983351593,0.8379403866082508,0.8798695825300887,1827,0.1520801066801135,lightgbm,7,2073,Silvaplanersee
0.09163434242088393,0.0671940150329557,0.80362518484564,0.8576989966499833,1827,0.04999565581218712,lightgbm,7,2081,Pfäffikersee
0.11057585353726233,0.08078816399169778,0.7093565930272288,0.7275528468628809,1827,0.07979888801565305,lightgbm,7,2082,Greifensee
0.06349478315923969,0.038471981983204596,0.8195535637748673,0.7600819182462588,1827,-0.4917771247001179,lightgbm,7,2097,Hallwilersee
0.10829425468668581,0.0759545934697691,0.6068898788041487,0.6255515193531482,1827,0.07839018801212205,lightgbm,7,2101,Lago_di_Lugano
0.08701722038568005,0.06258103907036343,0.8544423592296535,0.8744974557795282,1827,0.06754089702990129,lightgbm,7,2137,Baldeggersee
0.04563625471067453,0.033356974605512416,0.9025462525434733,0.9010642289090708,1827,-0.008188989416114012,lightgbm,7,2168,Sempachersee
0.20491279233449358,0.1544993198149816,0.3384561852041186,0.5054723173322595,1827,0.12332506384629505,lightgbm,7,2484,Lauerzersee
0.0851356480113174,0.05769876895397171,0.7731372721433529,0.8578552286402272,1827,0.14976854628676772,lstm,7,2004,Murtensee
0.23221504655691028,0.1541869407401852,0.800622423861254,0.8786591037725843,1827,0.12672960662279908,lstm,7,2007,Lac_de_Joux
0.05444311383083001,0.04116572702695435,0.8956212876082903,0.9455400965534888,1827,0.0483423878759659,lstm,7,2017,Zugersee
0.08346481986071219,0.06437131412416047,0.789319744935478,0.8574729659962492,1827,0.11207734660211233,lstm,7,2031,Ägerisee
0.05228503965877827,0.03792130039738947,0.4466491305102539,0.6589791595295487,1827,0.12109553928599837,lstm,7,2066,St._Moritzersee
0.06313532849875085,0.048110986835494106,0.854687834022325,0.9127946682734254,1734,0.15209810279324787,lstm,7,2072,Silsersee
0.07429631974469197,0.05682483340934395,0.8213578519282021,0.8683262923207914,1827,0.1097553111728965,lstm,7,2073,Silvaplanersee
0.0858182692087229,0.06307153666284947,0.8277620861207153,0.9023821961554177,1827,0.11029286176898034,lstm,7,2081,Pfäffikersee
0.10536295473044754,0.07833192604969764,0.7361143601503266,0.7851356774263795,1827,0.12318010665645118,lstm,7,2082,Greifensee
0.04627355680787277,0.033707824028109803,0.9041619461645172,0.8673691918521839,1827,-0.08717330920518096,lstm,7,2097,Hallwilersee
0.10199911293320586,0.06800143722703998,0.6512644819322282,0.6732975414373792,1827,0.13196333854210096,lstm,7,2101,Lago_di_Lugano
0.08029769295902138,0.055220418832845446,0.8760545095115103,0.9280967621959825,1827,0.13954600692509422,lstm,7,2137,Baldeggersee
0.04058190867575249,0.03052560654875526,0.9229374294357214,0.9562558748444862,1827,0.1034708313429169,lstm,7,2168,Sempachersee
0.19430841746940727,0.1430345949091887,0.4051551584378289,0.5723258391336897,1827,0.16869358160395664,lstm,7,2484,Lauerzersee
